{
  "version": 1,
  "author": "Anonymous maker",
  "editor": "wokwi",
  "parts": [
    { "type": "wokwi-arduino-nano", "id": "nano", "top": -4.8, "left": -0.5, "attrs": {} },
    {
      "type": "board-ssd1306",
      "id": "oled1",
      "top": 175.94,
      "left": -76.57,
      "attrs": { "i2cAddress": "0x3c" }
    },
    { "type": "wokwi-dht22", "id": "dht1", "top": 115.5, "left": 196.2, "attrs": {} },
    { "type": "wokwi-hc-sr04", "id": "waterSensor", "top": -152.1, "left": 149.5, "attrs": {} },
    { "type": "wokwi-relay", "id": "relay1", "top": 200, "left": -100, "attrs": {} },
    { "type": "wokwi-pushbutton", "id": "button1", "top": 250, "left": -50, "attrs": { "color": "blue" } }
  ],
  "connections": [
    [ "nano:A4", "oled1:SDA", "green", [ "v105.6", "h-96" ] ],
    [ "nano:A5", "oled1:SCL", "green", [ "v96", "h-115.2" ] ],
    [ "nano:5V", "oled1:VCC", "red", [ "v86.4", "h-153.6" ] ],
    [ "nano:GND.1", "oled1:GND", "black", [ "v76.8", "h-182.4" ] ],
    [ "dht1:VCC", "nano:5V", "red", [ "v-9.6", "h-86.4", "v-115.2" ] ],
    [ "dht1:GND", "nano:GND.2", "black", [ "v19.2", "h28.8", "v-288", "h-144" ] ],
    [ "dht1:SDA", "nano:2", "green", [ "v-249.6", "h-105.5" ] ],
    [ "waterSensor:VCC", "nano:5V", "red", [ "v-19.2", "h144" ] ],
    [ "waterSensor:GND", "nano:GND.2", "black", [ "v-28.8", "h182.4" ] ],
    [ "waterSensor:TRIG", "nano:4", "green", [ "h144" ] ],
    [ "waterSensor:ECHO", "nano:5", "yellow", [ "h144" ] ],
    [ "nano:3", "relay1:IN", "green", [ "v-144", "h182.4" ] ],
    [ "nano:5V", "relay1:VCC", "red", [ "v-163.2", "h201.6" ] ],
    [ "nano:GND.2", "relay1:GND", "black", [ "v-182.4", "h220.8" ] ],
    [ "button1:1", "nano:6", "green", [] ],
    [ "button1:2", "nano:GND.2", "black", [] ]
  ],
  "dependencies": {}
}
